|Station|Date|Min_temp|Max_temp|Rainfall|Dir_max_wind_gust|Speed_max_wind_gust|Time_max_wind_gust|temp_9am|hum_9am|cloud_9am|wind_dir_9am|wind_speed_9am|press_9am|temp_3pm|hum_3pm|cloud_3pm|wind_dir_3pm|wind_speed_3pm|press_3pm|Month
101|CAN|10-09-2015|1.8|17.0|0.0|8|31.0|11:10|10.6|57.0|6.0|9|22|1031.8|16.8|44.0|5.57425742574|12|9|1029.3|9
52|QUN|22-06-2015|14.9|23.4|0.0|9|48.0|9:01|17.6|68.0|6.0|10|13|1024.7|21.3|57.0|5.57425742574|1|30.0|1022.6|6
38|CAN|08-06-2015|0.1|15.4|0.0|7|54.0|12:12|10.4|74.0|6.0|8|27|1024.7|14.2|53.0|5.57425742574|8|31|1020.9|6
23|MAL|24-05-2015|6.0|15.6|0.0|6|22.0|18:43|7.4|90.0|6.0|10|23|1032.4|12.7|73.0|5.57425742574|12|9|1029.7|5
53|MAL|23-06-2015|9.6|17.6|0.0|3|52.0|10:58|13.8|57.0|6.0|4|18|1019.7|16.7|51.0|5.57425742574|4|26|1016.6|6
219|QUN|06-12-2015|20.6|32.4|0.0|0|46.0|17:16|28.9|53.0|6.0|3|11|1016.5|29.4|56.0|5.57425742574|2|30.0|1014.0|12
134|CAN|13-10-2015|11.3|21.3|0.0|1|39.0|14:46|14.9|66.0|4.0|10|18|1023.0|19.4|54.0|8.0|2|22|1022.0|10
59|MAL|29-06-2015|6.9|12.3|0.0|8|17.0|14:20|10.3|80.0|6.0|0|40|1033.8|11.8|67.0|5.57425742574|9|9|1031.2|6
59|CAN|29-06-2015|-0.9|14.4|0.2|6|19.0|13:59|4.8|90.0|6.0|7|37|1034.8|13.7|52.0|5.57425742574|7|7|1030.7|6
142|MAL|20-09-2015|8.5|22.9|0.0|3|39.0|8:54|16.5|64.0|6.0|4|11|1021.0|22.1|42.0|5.57425742574|4|20|1016.8|9
29|MAL|30-05-2015|11.0|17.3|0.0|6|43.0|11:42|12.7|64.0|6.0|7|24|1020.3|16.8|46.0|5.57425742574|8|17|1016.1|5
110|QUN|19-08-2015|14.5|25.5|0.0|1|35.0|13:17|19.9|62.0|6.0|10|6|1023.0|22.8|49.0|5.57425742574|2|20.0|1020.5|8
174|MAL|22-10-2015|11.4|16.7|7.0|11|43.0|15:17|14.1|81.0|6.0|11|18|1019.6|15.5|76.0|5.57425742574|12|13|1020.0|10
139|CAN|18-10-2015|11.5|21.6|1.8|4|30.0|14:51|15.6|82.0|8.0|2|20|1029.3|20.4|61.0|7.0|2|19|1026.9|10
112|QUN|21-08-2015|16.0|24.0|0.2|2|41.0|14:50|20.0|82.0|6.0|10|10|1023.2|21.7|72.0|5.57425742574|3|28.0|1020.6|8
95|MAL|04-08-2015|3.5|11.3|0.0|13|39.0|14:43|6.6|72.0|6.0|4|1|1023.5|10.7|54.0|5.57425742574|15|13|1019.4|8
40|QUN|10-06-2015|16.8|26.5|1.8|2|50.0|14:47|20.8|76.0|6.0|11|9|1023.0|23.7|52.0|5.57425742574|3|31.0|1021.0|6
146|QUN|24-09-2015|13.9|26.1|0.0|10|35.0|7:11|20.6|39.0|6.0|10|6|1021.0|23.0|43.0|5.57425742574|2|20.0|1016.2|9
130|CAN|09-10-2015|7.6|27.1|0.2|8|50.0|20:48|12.6|83.0|8.0|3|35|1033.9|26.0|39.0|5.57425742574|15|15|1028.5|10
195|MAL|12-11-2015|13.7|21.2|0.0|8|33.0|18:02|17.1|80.0|6.0|5|0|1016.1|20.6|60.0|5.57425742574|12|13|1013.1|11
156|CAN|04-11-2015|13.9|20.8|0.0|0|39.0|18:48|16.8|75.0|8.0|3|18|1018.2|19.1|66.0|8.0|1|20|1015.6|11
170|MAL|18-10-2015|12.6|17.7|0.0|11|30.0|13:43|14.8|66.0|6.0|10|39|1029.8|17.0|57.0|5.57425742574|12|15|1027.6|10
118|MAL|27-08-2015|9.8|11.7|0.8|11|30.0|16:59|10.2|90.0|6.0|16|1|1022.0|11.4|100.0|5.57425742574|13|9|1019.8|8
41|QUN|11-06-2015|17.9|24.1|0.2|2|69.0|12:15|21.0|72.0|6.0|10|13|1025.0|23.3|52.0|5.57425742574|3|39.0|1022.9|6
102|CAN|11-09-2015|0.0|18.9|0.0|3|41.0|13:28|8.8|80.0|6.0|0|40|1032.6|18.1|51.0|5.57425742574|7|26|1027.8|9
86|MAL|26-07-2015|8.1|11.6|3.2|6|56.0|0:06|9.2|60.0|6.0|7|6|1012.9|8.8|64.0|5.57425742574|8|9|1015.7|7
179|CAN|27-11-2015|0.5|22.9|0.0|3|41.0|13:45|13.4|40.0|6.0|8|39|1015.4|20.8|19.0|5.57425742574|8|22|1012.5|11
12|MAL|13-05-2015|6.3|12.8|6.8|15|35.0|11:27|7.8|79.0|6.0|14|19|1022.8|12.2|58.0|5.57425742574|12|11|1024.6|5
26|QUN|27-05-2015|17.0|25.9|0.0|0|31.0|18:50|21.2|73.0|6.0|10|20|1023.3|23.7|60.0|5.57425742574|2|17.0|1020.3|5
64|QUN|04-07-2015|12.0|23.3|0.0|9|37.0|10:47|17.2|67.0|6.0|11|7|1022.0|21.6|51.0|5.57425742574|1|22.0|1019.1|7
125|QUN|03-09-2015|20.0|30.4|0.0|6|41.0|9:00|23.1|74.0|6.0|7|12|1015.7|27.3|61.0|5.57425742574|4|19.0|1010.4|9
166|QUN|14-10-2015|18.9|29.3|0.0|0|43.0|18:36|25.3|54.0|6.0|1|11|1022.7|25.9|54.0|5.57425742574|2|24.0|1019.0|10
129|CAN|08-10-2015|8.5|20.0|0.0|-1|37.8098693759||12.5|66.0|8.0|1|21|1038.6|19.1|49.0|3.0|6|19|1034.3|10
5|MAL|06-05-2015|9.5|16.2|1.4|6|43.0|10:35|12.0|66.0|6.0|4|20|1013.3|15.1|63.0|5.57425742574|7|13|1012.5|5
131|MAL|09-09-2015|10.0|15.3|0.0|11|31.0|9:52|12.1|85.0|6.0|14|4|1027.6|14.2|53.0|5.57425742574|13|11|1027.9|9
6|CAN|07-05-2015|7.6|13.9|0.0|13|56.0|4:45|11.0|55.0|6.0|15|24|1017.5|12.6|46.0|5.57425742574|15|28|1017.5|5
12|CAN|13-05-2015|3.8|11.8|0.0|13|54.0|0:06|7.7|55.0|6.0|15|26|1016.4|9.3|48.0|8.0|13|13|1018.1|5
213|QUN|30-11-2015|23.8|33.3|0.0|3|48.0|6:55|30.4|57.0|6.0|5|6|1013.8|29.5|60.0|5.57425742574|5|20.0|1011.5|11
135|MAL|13-09-2015|13.2|25.5|0.0|6|41.0|11:57|18.4|55.0|6.0|6|6|1025.2|25.1|33.0|5.57425742574|4|20|1021.4|9
188|MAL|05-11-2015|16.2|24.7|12.2|3|50.0|13:15|18.1|100.0|6.0|10|0|1006.9|18.3|98.0|5.57425742574|13|6|1004.5|11
186|MAL|03-11-2015|8.0|17.9|0.2|11|31.0|16:51|12.8|54.0|6.0|10|6|1019.8|16.1|58.0|5.57425742574|12|15|1017.3|11
3|MAL|04-05-2015|7.5|22.3|0.0|3|56.0|23:40|9.3|100.0|6.0|6|18|1015.8|22.0|40.0|5.57425742574|4|20|1009.6|5
57|MAL|27-06-2015|8.0|14.1|0.0|3|28.0|10:05|10.0|84.0|6.0|4|19|1033.1|12.7|67.0|5.57425742574|4|19|1031.0|6
204|QUN|21-11-2015|21.0|30.6|0.0|1|28.0|12:57|27.9|53.0|6.0|6|4|1016.7|28.1|56.0|5.57425742574|5|15.0|1012.8|11
208|CAN|26-12-2015|11.4|22.4|0.0|-1|37.8098693759||20.6|58.0|6.0|12|1|1006.2|19.2|88.0|8.0|7|28|1004.5|12
172|QUN|20-10-2015|18.0|28.3|0.6|-1|37.8098693759||23.8|57.0|6.0|3|12|1022.1|26.3|52.0|5.57425742574|2|28.0|1019.1|10
99|CAN|08-09-2015|3.0|13.1|0.0|7|44.0|11:14|10.0|59.0|6.0|15|22|1019.2|11.0|70.0|1.0|7|33|1016.6|9
24|QUN|25-05-2015|17.1|25.0|0.0|9|50.0|20:57|20.3|67.0|6.0|11|26|1027.5|23.7|58.0|5.57425742574|1|20.0|1024.9|5
48|MAL|18-06-2015|10.7|12.7|1.0|9|37.0|11:26|11.2|82.0|6.0|11|20|1020.2|12.3|73.0|5.57425742574|10|13|1019.7|6
113|QUN|22-08-2015|18.3|23.2|4.4|0|43.0|17:21|19.0|99.0|6.0|3|7|1023.3|21.1|94.0|5.57425742574|1|19.0|1020.4|8
86|CAN|26-07-2015|6.5|11.5|0.0|14|59.0|16:28|9.5|75.0|1.0|7|29|1016.5|7.9|66.0|8.0|14|37|1015.8|7
132|CAN|11-10-2015|6.5|22.1|0.0|6|56.0|20:41|15.4|74.0|7.0|0|40|1023.3|20.1|55.0|8.0|15|19|1019.9|10
223|MAL|10-12-2015|13.1|26.0|0.0|10|30.0|17:36|16.9|68.0|6.0|10|35|1015.9|23.6|39.0|5.57425742574|12|11|1010.7|12
115|CAN|24-09-2015|1.4|12.8|0.0|8|54.0|7:39|9.4|54.0|3.0|11|28|1028.7|11.6|45.0|2.0|11|19|1026.8|9
95|CAN|04-09-2015|0.7|16.7|5.0|7|39.0|15:27|9.7|79.0|6.0|16|37|1023.0|15.5|51.0|1.0|8|26|1020.1|9
192|MAL|09-11-2015|13.6|33.1|0.0|3|35.0|9:27|21.0|47.0|6.0|6|6|1017.1|31.6|26.0|5.57425742574|4|15|1013.1|11
0|CAN|01-05-2015|4.9|17.1|0.0|2|30.0|16:08|13.6|76.0|7.0|10|18|1030.9|16.4|64.0|7.0|1|17|1026.7|5
90|MAL|30-07-2015|8.6|12.3|0.0|6|63.0|14:23|10.1|65.0|6.0|4|13|1020.7|11.8|57.0|5.57425742574|4|24|1013.9|7
63|MAL|03-07-2015|5.9|12.0|2.6|3|22.0|22:06|7.3|86.0|6.0|5|2|1028.8|11.1|48.0|5.57425742574|8|7|1026.1|7
190|MAL|07-11-2015|11.9|16.8|1.2|11|44.0|6:51|13.6|68.0|6.0|12|9|1018.3|16.0|54.0|5.57425742574|12|20|1020.3|11
36|MAL|06-06-2015|9.2|16.6|0.2|3|31.0|21:28|11.5|82.0|6.0|4|19|1028.7|16.4|65.0|5.57425742574|6|15|1026.7|6
199|MAL|16-11-2015|11.4|26.3|0.2|11|24.0|13:25|16.3|80.0|6.0|7|4|1018.5|22.7|55.0|5.57425742574|12|11|1015.0|11
204|MAL|21-11-2015|12.2|17.5|3.6|11|39.0|12:45|14.7|71.0|6.0|13|6|1021.5|16.0|55.0|5.57425742574|9|22|1022.5|11
51|QUN|21-06-2015|13.1|21.5|0.0|2|44.0|15:16|16.8|59.0|6.0|10|7|1021.9|20.9|47.0|5.57425742574|3|22.0|1020.1|6
191|CAN|09-12-2015|17.2|30.6|0.4|7|46.0|9:20|21.4|72.0|8.0|7|9|1015.2|29.4|34.0|5.57425742574|14|30|1012.6|12
48|QUN|18-06-2015|15.6|24.5|14.8|1|26.0|12:57|19.0|90.0|6.0|9|0|1017.2|23.2|67.0|5.57425742574|5|9.0|1014.4|6
124|MAL|02-09-2015|8.0|18.8|0.0|5|35.0|11:49|12.5|61.0|6.0|4|6|1012.5|17.4|43.0|5.57425742574|6|20|1007.0|9
67|CAN|07-07-2015|-4.7|11.5|0.0|10|20.0|14:42|1.6|95.0|6.0|0|40|1022.6|10.6|59.0|8.0|10|13|1022.4|7
137|CAN|16-10-2015|8.2|30.1|0.0|7|44.0|12:12|19.0|61.0|6.0|4|37|1023.4|29.4|29.0|5.57425742574|15|28|1020.4|10
194|CAN|12-12-2015|3.8|26.1|0.0|1|50.0|17:00|15.7|39.0|6.0|16|3|1013.2|23.7|15.0|5.57425742574|4|20|1010.9|12
81|MAL|21-07-2015|4.2|17.0|0.0|6|70.0|12:21|11.4|63.0|6.0|4|9|1026.6|15.9|51.0|5.57425742574|7|24|1021.0|7
50|QUN|20-06-2015|12.5|21.3|0.0|12|35.0|11:31|15.0|64.0|6.0|12|5|1020.2|20.5|38.0|5.57425742574|10|13.0|1017.2|6
78|QUN|18-07-2015|8.7|20.7|0.0|10|30.0|23:56|11.6|55.0|6.0|13|5|1023.6|18.6|44.0|5.57425742574|5|11.0|1020.9|7
13|MAL|14-05-2015|7.3|14.6|4.4|11|35.0|14:26|11.5|80.0|6.0|14|39|1030.7|13.8|88.0|5.57425742574|12|15|1031.0|5
230|QUN|17-12-2015|22.4|32.8|0.0|2|59.0|18:01|28.1|49.0|6.0|3|11|1012.4|28.6|58.0|5.57425742574|1|35.0|1009.8|12
204|CAN|22-12-2015|14.0|24.9|0.2|0|46.0|17:44|15.5|58.0|7.0|1|4|1023.0|24.0|40.0|6.0|2|24|1019.5|12
220|QUN|07-12-2015|21.2|31.1|0.4|2|35.0|7:52|27.4|63.0|6.0|1|11|1018.4|29.5|57.0|5.57425742574|2|20.0|1016.1|12
4|CAN|05-05-2015|4.0|20.8|0.0|7|67.0|12:18|15.3|66.0|6.0|8|29|1009.4|19.7|40.0|2.0|8|44|1004.2|5
205|CAN|23-12-2015|13.6|25.4|0.0|0|35.0|14:33|16.1|63.0|8.0|1|6|1019.8|24.7|41.0|7.0|1|13|1015.3|12
45|CAN|15-06-2015|-0.2|15.9|0.0|1|35.0|14:43|8.2|93.0|4.0|13|37|1029.8|13.6|70.0|8.0|2|15|1026.6|6
43|MAL|13-06-2015|6.0|18.2|0.0|5|20.0|12:21|7.5|88.0|6.0|6|39|1030.1|18.0|53.0|5.57425742574|4|11|1026.7|6
49|QUN|19-06-2015|16.3|23.8|0.2|15|24.0|4:33|17.8|78.0|6.0|12|3|1017.7|21.8|52.0|5.57425742574|9|6.0|1014.8|6
15|MAL|16-05-2015|11.3|16.2|0.0|11|19.0|16:00|12.0|69.0|6.0|6|39|1037.1|15.6|65.0|5.57425742574|13|7|1033.4|5
28|MAL|29-05-2015|9.5|15.8|0.0|7|31.0|15:17|12.0|62.0|6.0|7|19|1021.8|14.9|50.0|5.57425742574|8|13|1020.8|5
242|QUN|29-12-2015|19.2|29.6|2.4|0|63.0|16:43|23.6|69.0|6.0|10|10|1014.1|28.3|52.0|5.57425742574|1|41.0|1010.7|12
75|CAN|15-07-2015|1.1|7.9|0.0|6|30.0|1:10|3.5|93.0|8.0|1|38|1018.0|7.6|79.0|8.0|11|7|1017.3|7
66|CAN|06-07-2015|-2.4|11.2|0.2|6|26.0|14:51|1.7|99.0|8.0|13|19|1018.4|10.6|55.0|5.57425742574|8|19|1015.8|7
171|CAN|19-11-2015|10.6|34.8|0.0|15|52.0|14:06|17.7|58.0|6.0|0|40|1017.1|34.3|19.0|5.57425742574|16|31|1012.9|11
201|QUN|18-11-2015|19.4|29.0|0.0|2|35.0|8:15|25.8|58.0|6.0|3|10|1019.2|27.4|54.0|5.57425742574|2|20.0|1016.4|11
106|MAL|15-08-2015|10.0|14.9|0.4|8|19.0|13:57|10.7|88.0|6.0|13|0|1032.1|14.2|57.0|5.57425742574|13|7|1030.0|8
159|QUN|07-10-2015|18.3|28.5|0.0|0|39.0|14:25|24.8|60.0|6.0|3|11|1025.8|25.3|55.0|5.57425742574|2|26.0|1023.2|10
199|QUN|16-11-2015|11.0183760684|22.0613960114|1.08395415473|-1|37.8098693759||15.8415954416|69.2863247863|6.0|-1|-1|1021.18361823|21.8|79.0|5.57425742574|3|39.0|1009.8|11
162|QUN|10-10-2015|17.5|26.9|2.4|0|57.0|13:54|22.3|71.0|6.0|3|14|1026.6|24.4|56.0|5.57425742574|1|39.0|1023.0|10
13|QUN|14-05-2015|11.1|20.8|0.0|12|50.0|4:57|13.8|33.0|6.0|12|24|1024.1|20.3|22.0|5.57425742574|12|17.0|1021.5|5
17|QUN|18-05-2015|17.9|25.7|0.2|2|43.0|9:11|21.9|70.0|6.0|3|25|1023.4|24.8|56.0|5.57425742574|1|24.0|1020.5|5
9|MAL|10-05-2015|12.8|16.6|8.6|13|50.0|14:27|13.8|81.0|6.0|8|18|1002.9|14.9|57.0|5.57425742574|14|17|1004.9|5
88|CAN|28-07-2015|-4.1|13.0|0.0|7|24.0|12:03|2.7|87.0|6.0|0|40|1035.1|12.3|47.0|5.57425742574|8|13|1032.2|7
128|MAL|06-09-2015|5.8|16.6|0.0|3|56.0|13:59|8.9|85.0|6.0|6|5|1020.3|14.9|53.0|5.57425742574|4|30|1014.6|9
33|MAL|03-06-2015|8.1|13.6|0.8|5|13.0|8:52|8.6|92.0|6.0|6|38|1025.2|12.8|58.0|5.57425742574|13|7|1022.9|6
175|MAL|23-10-2015|11.8|16.4|0.0|11|33.0|17:10|14.1|62.0|6.0|11|21|1023.6|15.2|58.0|5.57425742574|12|15|1022.2|10
150|MAL|28-09-2015|8.3|21.4|0.0|11|31.0|20:27|13.9|68.0|6.0|12|5|1017.5|17.8|44.0|5.57425742574|9|9|1015.4|9
244|QUN|31-12-2015|20.8|32.5|0.0|0|59.0|17:38|27.1|46.0|6.0|10|12|1013.3|28.1|50.0|5.57425742574|1|35.0|1010.1|12
98|QUN|07-08-2015|10.1|22.0|0.0|12|35.0|8:39|13.3|45.0|6.0|13|8|1022.2|21.0|31.0|5.57425742574|5|11.0|1018.6|8
89|CAN|29-07-2015|-3.3|12.9|0.0|7|35.0|13:54|2.8|90.0|6.0|0|40|1036.1|11.1|47.0|5.57425742574|8|22|1031.2|7
103|CAN|12-09-2015|-0.5|21.4|0.0|6|31.0|14:18|11.3|75.0|6.0|15|37|1030.0|20.8|38.0|5.57425742574|4|22|1025.8|9
171|MAL|19-10-2015|8.3|26.7|0.0|11|26.0|15:44|13.2|71.0|6.0|6|38|1025.1|25.2|33.0|5.57425742574|13|11|1019.8|10
5|QUN|06-05-2015|19.6|30.5|0.0|5|24.0|14:41|23.2|88.0|6.0|16|38|1015.5|27.1|67.0|5.57425742574|5|13.0|1012.5|5
140|QUN|18-09-2015|17.6|28.8|0.4|0|43.0|18:17|21.7|29.0|6.0|13|6|1017.5|25.0|42.0|5.57425742574|2|20.0|1014.1|9
177|QUN|25-10-2015|20.7|30.5|0.2|1|37.0|17:01|27.6|60.0|6.0|1|8|1022.4|28.1|55.0|5.57425742574|2|20.0|1019.4|10
186|CAN|04-12-2015|7.8|29.8|0.0|0|39.0|16:59|17.1|52.0|6.0|1|2|1025.1|28.4|21.0|5.57425742574|7|13|1020.0|12
174|CAN|22-11-2015|13.5|25.3|0.0|7|39.0|14:21|15.6|69.0|8.0|6|18|1018.9|24.4|39.0|5.0|16|11|1013.8|11
87|QUN|27-07-2015|18.2|27.3|0.0|11|33.0|23:28|20.9|78.0|6.0|9|3|1024.6|24.8|50.0|5.57425742574|2|15.0|1020.2|7
84|MAL|24-07-2015|7.6|15.0|1.2|3|39.0|15:23|11.6|83.0|6.0|4|10|1012.9|14.8|70.0|5.57425742574|4|20|1008.7|7
217|QUN|04-12-2015|21.0|31.9|0.0|2|59.0|19:21|26.5|55.0|6.0|3|14|1019.1|28.4|52.0|5.57425742574|2|30.0|1015.9|12
190|QUN|07-11-2015|23.0|32.0|0.0|8|44.0|10:41|26.7|61.0|6.0|15|7|1013.9|22.6|80.0|5.57425742574|10|15.0|1010.8|11
161|MAL|09-10-2015|10.9|29.9|0.0|3|26.0|9:13|17.5|68.0|6.0|6|18|1030.1|27.9|33.0|5.57425742574|9|13|1026.6|10
196|CAN|14-12-2015|6.5|32.2|0.0|13|37.0|17:06|19.5|39.0|6.0|12|2|1015.6|29.8|12.0|5.57425742574|6|11|1012.4|12
33|CAN|03-06-2015|-5.1|12.7|0.0|6|19.0|14:54|2.5|81.0|6.0|15|38|1025.1|11.8|42.0|5.57425742574|7|13|1021.9|6
243|MAL|30-12-2015|13.9|34.7|0.0|10|26.0|14:46|19.8|60.0|6.0|6|38|1017.2|34.0|17.0|5.57425742574|12|11|1013.4|12
167|CAN|15-11-2015|10.7|21.1|1.2|2|41.0|16:00|14.1|59.0|6.0|9|24|1018.5|19.6|39.0|5.0|1|22|1016.7|11
135|CAN|14-10-2015|11.0|26.1|0.0|4|30.0|12:11|16.5|71.0|7.0|2|38|1026.6|23.6|43.0|2.0|7|13|1023.6|10
77|MAL|17-07-2015|7.3|12.3|2.4|8|39.0|15:01|8.4|94.0|6.0|16|4|1022.1|11.6|81.0|5.57425742574|12|17|1022.1|7
145|QUN|23-09-2015|15.1|29.9|0.0|11|41.0|9:23|21.3|26.0|6.0|12|8|1018.9|28.6|12.0|5.57425742574|16|13.0|1014.1|9
70|MAL|10-07-2015|7.6|14.3|0.0|6|48.0|23:41|11.0|74.0|6.0|4|5|1016.9|14.1|60.0|5.57425742574|4|19|1011.9|7
36|QUN|06-06-2015|12.2|23.5|0.0|11|37.0|4:09|14.7|51.0|6.0|9|7|1023.6|22.5|37.0|5.57425742574|2|9.0|1021.1|6
98|MAL|07-08-2015|9.0|13.1|1.4|13|22.0|8:36|9.9|86.0|6.0|16|3|1025.7|13.0|71.0|5.57425742574|9|6|1024.7|8
144|QUN|22-09-2015|16.8|28.7|0.0|4|31.0|14:37|24.1|59.0|6.0|2|2|1019.2|24.0|62.0|5.57425742574|5|15.0|1015.0|9
10|CAN|11-05-2015|8.6|16.4|2.0|7|50.0|13:17|10.3|77.0|8.0|4|29|1010.2|14.6|55.0|3.0|15|33|1010.5|5
189|CAN|07-12-2015|15.7|28.8|0.0|2|33.0|15:52|19.2|67.0|7.0|3|4|1020.4|27.2|37.0|5.0|2|17|1017.0|12
112|CAN|21-09-2015|2.0|20.7|0.0|14|63.0|15:31|12.6|77.0|6.0|7|39|1020.3|18.1|48.0|6.0|8|24|1015.9|9
54|MAL|24-06-2015|12.2|16.0|0.0|3|31.0|0:43|13.1|78.0|6.0|4|18|1019.8|14.8|65.0|5.57425742574|12|9|1020.2|6
210|QUN|27-11-2015|22.9|34.7|0.0|2|50.0|22:00|29.5|62.0|6.0|15|5|1012.3|30.2|65.0|5.57425742574|5|20.0|1009.7|11
231|QUN|18-12-2015|20.9|31.1|0.0|0|54.0|17:37|27.5|55.0|6.0|3|12|1015.1|29.1|47.0|5.57425742574|2|35.0|1012.2|12
90|QUN|30-07-2015|14.7|24.4|0.0|9|41.0|8:24|18.8|56.0|6.0|10|12|1026.0|22.4|55.0|5.57425742574|2|24.0|1022.5|7
215|QUN|02-12-2015|24.0|33.1|0.0|4|28.0|11:26|31.1|52.0|6.0|5|6|1016.4|28.1|64.0|5.57425742574|6|9.0|1014.2|12
102|MAL|11-08-2015|7.8|14.8|0.8|3|50.0|15:10|9.3|76.0|6.0|4|8|1011.5|14.3|43.0|5.57425742574|4|28|1006.7|8
163|CAN|11-11-2015|13.2|18.7|0.0|0|31.0|0:21|15.8|79.0|8.0|10|39|1021.0|16.9|91.0|8.0|10|7|1020.3|11
244|MAL|31-12-2015|19.7|39.7|0.0|3|39.0|11:09|29.4|33.0|6.0|5|39|1012.6|37.9|13.0|5.57425742574|8|13|1009.6|12
163|MAL|11-10-2015|16.9|19.2|0.4|11|37.0|16:09|17.5|81.0|6.0|12|38|1019.5|17.9|75.0|5.57425742574|13|13|1016.1|10
93|MAL|02-08-2015|7.8|14.9|0.0|7|44.0|10:43|9.0|61.0|6.0|4|7|1013.2|14.4|46.0|5.57425742574|15|17|1010.1|8
158|CAN|06-11-2015|14.7|23.7|14.2|14|39.0|12:55|19.0|80.0|2.0|8|22|1008.1|21.3|63.0|8.0|15|22|1006.7|11
173|CAN|21-11-2015|15.2|26.5|0.0|0|43.0|18:37|18.8|57.0|6.0|9|20|1015.0|24.9|31.0|5.57425742574|12|11|1014.3|11
239|MAL|26-12-2015|12.7|20.0|30.6|11|48.0|2:59|12.8|93.0|6.0|14|18|1007.9|18.8|49.0|5.57425742574|9|22|1010.0|12
133|CAN|12-10-2015|7.7|25.0|0.0|7|48.0|15:04|16.7|67.0|6.0|7|37|1017.3|24.2|36.0|5.57425742574|7|28|1014.0|10
2|MAL|03-05-2015|9.7|18.2|0.0|12|17.0|14:21|13.1|87.0|6.0|0|40|1020.4|17.0|67.0|5.57425742574|13|9|1017.9|5
212|MAL|29-11-2015|12.6|20.3|0.0|11|31.0|15:31|16.5|65.0|6.0|13|4|1014.9|19.3|57.0|5.57425742574|12|15|1013.3|11
122|CAN|01-10-2015|11.1|23.1|0.0|7|48.0|13:39|15.7|70.0|6.0|7|18|1026.6|21.9|31.0|5.57425742574|8|31|1024.4|10
99|QUN|08-08-2015|10.5|24.5|0.0|12|31.0|4:28|15.0|42.0|6.0|13|4|1022.1|22.3|36.0|5.57425742574|5|15.0|1018.3|8
221|QUN|08-12-2015|22.4|32.5|0.0|1|35.0|9:35|29.5|55.0|6.0|2|11|1020.1|30.2|53.0|5.57425742574|2|20.0|1017.4|12
235|MAL|22-12-2015|12.0|22.8|0.0|11|30.0|15:54|16.4|60.0|6.0|9|18|1023.3|21.6|57.0|5.57425742574|13|13|1019.6|12
200|CAN|18-12-2015|13.6|33.6|0.0|14|35.0|12:02|22.6|60.0|6.0|4|1|1016.8|31.2|24.0|5.57425742574|4|11|1012.9|12
184|MAL|01-11-2015|16.4|26.0|4.4|3|50.0|7:48|22.5|67.0|6.0|4|15|1007.7|18.0|83.0|5.57425742574|12|13|1006.6|11
139|QUN|17-09-2015|17.2|30.6|0.0|5|31.0|15:13|22.1|76.0|6.0|15|4|1018.4|25.9|60.0|5.57425742574|6|17.0|1012.9|9
182|MAL|30-10-2015|12.6|27.4|0.0|10|33.0|14:53|18.1|53.0|6.0|4|35|1019.5|24.7|38.0|5.57425742574|9|9|1017.2|10
6|MAL|07-05-2015|10.3|15.6|2.2|14|39.0|14:25|11.7|68.0|6.0|15|18|1018.7|14.2|55.0|5.57425742574|14|20|1018.2|5
51|CAN|21-06-2015|-3.5|12.6|0.0|6|26.0|14:33|1.2|94.0|6.0|4|38|1029.9|11.9|48.0|5.57425742574|7|19|1027.8|6
80|MAL|20-07-2015|1.8|14.7|0.0|3|39.0|13:22|4.3|86.0|6.0|6|4|1033.0|13.6|47.0|5.57425742574|4|22|1029.5|7
73|MAL|13-07-2015|6.1|12.7|28.4|11|48.0|5:22|8.7|90.0|6.0|16|5|1012.9|12.5|72.0|5.57425742574|16|9|1009.8|7
206|CAN|24-12-2015|10.9|26.2|0.8|0|43.0|15:27|17.9|55.0|6.0|3|6|1019.9|25.9|32.0|2.0|2|28|1016.1|12
148|MAL|26-09-2015|6.6|17.9|0.0|8|20.0|16:23|10.1|100.0|6.0|4|5|1031.8|17.3|52.0|5.57425742574|12|11|1027.1|9
105|QUN|14-08-2015|11.8|24.0|0.0|8|28.0|0:29|15.8|43.0|6.0|12|8|1025.1|22.0|27.0|5.57425742574|2|15.0|1022.1|8
28|QUN|29-05-2015|18.2|26.8|0.0|1|26.0|11:45|21.5|81.0|6.0|10|18|1023.9|25.1|66.0|5.57425742574|2|17.0|1020.6|5
128|CAN|07-10-2015|7.4|18.6|0.0|4|43.0|10:45|16.6|70.0|1.0|1|24|1029.5|15.8|62.0|8.0|2|26|1032.5|10
185|CAN|03-12-2015|6.6|26.8|0.0|1|43.0|18:01|14.0|63.0|2.0|2|4|1026.0|25.7|23.0|5.57425742574|13|9|1021.9|12
136|MAL|14-09-2015|15.4|26.7|0.0|3|50.0|10:59|21.5|41.0|6.0|4|7|1018.0|25.7|34.0|5.57425742574|4|28|1012.5|9
209|QUN|26-11-2015|23.5|32.3|0.0|3|50.0|22:06|30.3|62.0|6.0|5|7|1014.6|29.4|64.0|5.57425742574|5|20.0|1011.1|11
23|CAN|24-05-2015|-5.8|15.9|0.0|14|17.0|15:15|2.3|90.0|6.0|0|40|1033.5|15.6|35.0|5.57425742574|15|11|1031.0|5
216|MAL|03-12-2015|12.2|21.3|0.0|11|28.0|15:53|14.9|61.0|6.0|12|37|1028.7|20.4|51.0|5.57425742574|9|11|1026.6|12
153|MAL|01-10-2015|6.0|21.6|0.0|11|30.0|12:59|14.8|54.0|6.0|7|37|1026.9|20.9|36.0|5.57425742574|9|9|1025.4|10
42|QUN|12-06-2015|17.6|23.2|0.0|2|65.0|14:58|18.3|86.0|6.0|10|14|1025.9|20.8|63.0|5.57425742574|3|37.0|1022.4|6
177|MAL|25-10-2015|10.2|31.3|0.0|6|50.0|14:39|18.2|62.0|6.0|6|18|1016.6|30.1|23.0|5.57425742574|4|28|1010.2|10
176|CAN|24-11-2015|6.9|27.4|0.0|14|43.0|15:51|15.9|71.0|1.0|8|37|1016.8|26.6|21.0|5.57425742574|15|22|1012.3|11
75|MAL|15-07-2015|5.8|10.5|3.6|10|22.0|20:36|6.7|83.0|6.0|5|3|1017.0|8.5|76.0|5.57425742574|12|11|1018.7|7
121|MAL|30-08-2015|7.9|12.5|2.2|11|31.0|13:31|9.6|87.0|6.0|14|3|1025.5|11.6|66.0|5.57425742574|12|13|1023.4|8
37|QUN|07-06-2015|14.7|24.8|0.0|2|52.0|10:58|20.6|64.0|6.0|10|13|1024.4|23.4|55.0|5.57425742574|3|24.0|1022.8|6
197|MAL|14-11-2015|12.1|18.3|0.2|10|37.0|16:40|14.5|75.0|6.0|12|5|1019.0|17.5|66.0|5.57425742574|9|17|1017.8|11
71|CAN|11-07-2015|3.6|12.5|7.2|13|43.0|20:30|8.7|91.0|8.0|7|21|1015.3|11.7|73.0|8.0|7|24|1009.3|7
146|CAN|25-10-2015|4.7|26.5|0.0|-1|37.8098693759||15.7|65.0|6.0|10|23|1021.9|25.7|35.0|5.57425742574|7|26|1017.4|10
234|MAL|21-12-2015|15.0|20.2|6.0|12|39.0|14:49|17.0|66.0|6.0|9|19|1020.3|18.7|49.0|5.57425742574|12|17|1022.7|12
101|QUN|10-08-2015|13.0|25.4|0.0|5|30.0|13:41|19.2|64.0|6.0|1|4|1021.6|22.5|63.0|5.57425742574|5|15.0|1017.2|8
184|CAN|02-12-2015|12.0|23.2|1.4|0|41.0|18:53|16.8|46.0|6.0|15|7|1013.5|21.5|24.0|5.57425742574|16|9|1014.9|12
187|CAN|05-12-2015|8.1|32.0|0.0|0|37.0|17:07|19.4|42.0|6.0|16|2|1021.5|29.7|22.0|2.0|14|11|1016.5|12
149|CAN|28-10-2015|8.0|22.5|0.0|5|28.0|8:46|12.7|61.0|6.0|1|18|1025.2|21.4|31.0|5.57425742574|4|11|1020.3|10
44|CAN|14-06-2015|-1.8|16.3|0.2|14|15.0|13:01|4.2|99.0|5.0|0|40|1030.4|15.7|50.0|5.57425742574|8|7|1026.7|6
96|CAN|05-09-2015|-0.1|16.9|0.0|7|24.0|17:41|8.0|82.0|6.0|0|40|1023.5|16.5|36.0|5.57425742574|7|7|1020.0|9
184|QUN|01-11-2015|19.3|29.5|0.0|1|31.0|14:18|27.7|54.0|6.0|2|8|1019.4|26.3|56.0|5.57425742574|5|22.0|1016.5|11
92|CAN|01-09-2015|-3.1|14.2|0.0|3|37.0|14:17|2.8|99.0|8.0|4|35|1016.7|13.1|55.0|5.57425742574|7|28|1013.7|9
75|QUN|15-07-2015|10.8|22.1|0.0|5|28.0|13:43|14.4|52.0|6.0|1|3|1020.5|19.4|45.0|5.57425742574|5|15.0|1016.9|7
141|MAL|19-09-2015|6.5|21.3|0.0|3|37.0|13:21|10.2|89.0|6.0|7|4|1026.4|20.4|37.0|5.57425742574|7|20|1021.3|9
117|CAN|26-09-2015|0.1|17.6|0.0|9|44.0|9:57|11.5|65.0|8.0|9|24|1030.2|15.9|50.0|6.0|10|15|1025.9|9
0|QUN|01-05-2015|17.0|25.9|26.4|10|44.0|1:00|20.8|84.0|6.0|9|18|1014.6|23.3|63.0|5.57425742574|13|15.0|1010.3|5
178|MAL|26-10-2015|14.0|15.9|0.2|11|50.0|11:59|14.3|89.0|6.0|12|26|1017.6|15.5|58.0|5.57425742574|12|24|1022.5|10
105|CAN|14-09-2015|2.0|22.4|0.0|6|44.0|13:56|12.7|78.0|6.0|0|40|1026.2|21.4|42.0|5.57425742574|7|28|1021.0|9
80|CAN|20-07-2015|-4.7|14.1|0.2|3|19.0|13:51|0.8|99.0|6.0|0|40|1036.5|12.9|39.0|5.57425742574|4|9|1032.6|7
66|MAL|06-07-2015|7.5|11.5|1.6|3|41.0|12:21|7.5|86.0|6.0|4|9|1017.0|11.3|61.0|5.57425742574|4|20|1015.3|7
12|QUN|13-05-2015|14.8|27.6|0.0|11|35.0|23:03|18.9|69.0|6.0|16|38|1017.7|24.6|49.0|5.57425742574|5|15.0|1014.4|5
145|CAN|24-10-2015|6.8|23.1|0.0|7|43.0|14:24|13.0|72.0|6.0|10|23|1023.6|21.7|38.0|1.0|8|26|1019.9|10
168|MAL|16-10-2015|17.0|23.8|0.0|8|30.0|12:57|19.0|65.0|6.0|5|38|1016.6|15.9|79.0|5.57425742574|9|9|1021.5|10
15|QUN|16-05-2015|17.5|25.3|0.0|9|57.0|11:43|21.3|64.0|6.0|10|28|1025.4|23.7|55.0|5.57425742574|3|28.0|1022.6|5
121|QUN|30-08-2015|15.8|24.9|13.8|12|33.0|21:48|17.5|98.0|6.0|13|4|1018.3|24.3|63.0|5.57425742574|6|9.0|1014.3|8
61|QUN|01-07-2015|16.0|25.5|0.0|8|26.0|23:13|18.7|75.0|6.0|13|3|1024.3|22.6|61.0|5.57425742574|2|13.0|1020.2|7
227|MAL|14-12-2015|11.9|22.7|0.0|12|35.0|14:15|19.2|62.0|6.0|9|37|1014.9|21.8|64.0|5.57425742574|12|19|1014.4|12
58|CAN|28-06-2015|0.2|13.2|0.0|10|19.0|6:51|2.8|98.0|8.0|11|39|1035.3|12.7|55.0|5.57425742574|8|7|1032.4|6
181|CAN|29-11-2015|15.9|27.4|0.0|15|41.0|12:04|19.4|64.0|8.0|8|19|1013.0|25.5|25.0|5.57425742574|15|17|1009.7|11
29|QUN|30-05-2015|19.1|27.4|0.0|1|20.0|11:19|22.9|83.0|6.0|3|38|1023.0|25.7|65.0|5.57425742574|2|11.0|1018.4|5
91|CAN|31-07-2015|2.4|15.1|0.0|6|39.0|15:48|8.1|73.0|1.0|4|18|1022.0|14.5|48.0|5.57425742574|8|24|1020.1|7
225|MAL|12-12-2015|10.1|18.3|2.0|10|31.0|11:52|14.0|54.0|6.0|13|39|1018.7|17.0|45.0|5.57425742574|12|13|1018.3|12
158|QUN|06-10-2015|17.9|29.7|0.0|0|37.0|9:52|24.8|61.0|6.0|3|9|1025.2|26.7|43.0|5.57425742574|1|20.0|1022.5|10
53|CAN|23-06-2015|-2.4|13.8|0.0|6|35.0|12:53|4.5|89.0|6.0|0|40|1026.8|11.3|64.0|5.57425742574|8|24|1024.2|6
21|QUN|22-05-2015|17.1|24.3|6.2|12|37.0|0:35|19.0|74.0|6.0|12|19|1018.5|23.4|27.0|5.57425742574|16|17.0|1016.3|5
210|CAN|28-12-2015|6.4|24.7|0.0|1|37.0|17:10|14.1|46.0|6.0|11|7|1023.6|22.9|23.0|2.0|12|13|1020.5|12
207|CAN|25-12-2015|9.2|28.7|0.0|4|44.0|17:54|18.4|56.0|6.0|5|8|1017.3|26.6|27.0|1.0|4|11|1011.1|12
3|QUN|04-05-2015|18.1|29.2|0.0|15|24.0|5:04|22.7|69.0|6.0|13|37|1014.4|27.0|58.0|5.57425742574|5|11.0|1010.9|5
50|MAL|20-06-2015|4.1|11.6|0.0|11|19.0|13:25|6.3|98.0|6.0|0|40|1028.0|11.1|79.0|5.57425742574|9|9|1026.8|6
234|QUN|21-12-2015|22.8|32.8|0.0|0|43.0|13:28|29.7|52.0|6.0|1|11|1017.3|30.0|51.0|5.57425742574|2|26.0|1014.9|12
203|CAN|21-12-2015|19.3|27.9|0.0|1|43.0|16:21|20.6|83.0|8.0|7|11|1015.1|27.7|21.0|1.0|14|19|1015.4|12
191|MAL|08-11-2015|8.5|24.8|0.0|11|20.0|15:11|14.1|61.0|6.0|1|1|1022.6|23.3|33.0|5.57425742574|12|4|1019.4|11
126|CAN|05-10-2015|9.1|31.7|0.0|3|39.0|14:08|17.3|56.0|8.0|0|40|1026.6|30.9|18.0|5.57425742574|4|28|1023.4|10
32|MAL|02-06-2015|7.1|11.4|4.2|11|20.0|11:56|8.2|90.0|6.0|15|35|1029.0|9.9|91.0|5.57425742574|16|6|1026.9|6
16|QUN|17-05-2015|17.4|24.3|0.0|10|50.0|8:37|19.3|78.0|6.0|10|27|1025.8|21.6|72.0|5.57425742574|3|28.0|1023.2|5
4|QUN|05-05-2015|19.3|28.3|0.0|4|24.0|13:45|23.5|77.0|6.0|2|23|1014.5|26.2|68.0|5.57425742574|5|11.0|1010.5|5
212|QUN|29-11-2015|21.9|32.5|3.0|4|37.0|12:01|29.6|67.0|6.0|5|8|1014.5|29.7|62.0|5.57425742574|5|17.0|1011.0|11
51|MAL|21-06-2015|2.2|12.9|0.0|5|30.0|13:07|3.6|90.0|6.0|6|19|1029.2|12.2|47.0|5.57425742574|4|17|1026.1|6
4|MAL|05-05-2015|9.2|18.1|0.6|6|59.0|14:02|14.2|78.0|6.0|4|22|999.3|16.1|42.0|5.57425742574|8|20|1001.4|5
145|MAL|23-09-2015|8.5|12.6|0.0|10|37.0|0:36|10.7|50.0|6.0|11|7|1035.6|11.7|49.0|5.57425742574|9|19|1034.3|9
42|MAL|12-06-2015|5.2|13.1|0.0|5|17.0|13:15|7.0|91.0|6.0|6|38|1035.5|12.8|66.0|5.57425742574|4|4|1031.8|6
207|QUN|24-11-2015|22.1|31.6|0.0|4|33.0|14:00|29.1|54.0|6.0|5|6|1015.1|28.6|56.0|5.57425742574|5|19.0|1011.6|11
104|CAN|13-09-2015|1.0|21.7|0.0|7|22.0|14:33|12.0|71.0|4.0|5|35|1029.4|21.0|30.0|5.57425742574|4|15|1025.7|9
151|QUN|29-09-2015|17.4|27.8|0.4|4|30.0|15:03|24.2|62.0|6.0|5|5|1022.3|24.4|57.0|5.57425742574|5|19.0|1018.6|9
148|CAN|27-10-2015|9.6|17.4|0.0|0|52.0|16:24|11.6|52.0|3.0|11|27|1027.2|16.6|47.0|2.0|10|20|1025.8|10
110|CAN|19-09-2015|3.4|15.5|0.0|1|26.0|16:56|12.2|68.0|7.0|10|39|1028.1|14.6|60.0|8.0|16|6|1024.1|9
108|MAL|17-08-2015|6.8|12.2|2.4|15|39.0|3:44|10.2|80.0|6.0|16|4|1018.2|9.4|71.0|5.57425742574|12|13|1018.4|8
124|QUN|02-09-2015|14.8|26.0|0.0|4|35.0|15:58|20.9|63.0|6.0|15|1|1019.8|23.5|69.0|5.57425742574|5|20.0|1015.8|9
79|CAN|19-07-2015|-5.1|12.8|0.0|7|15.0|14:00|0.9|90.0|6.0|0|40|1034.8|9.8|62.0|5.57425742574|15|9|1032.3|7
70|CAN|10-07-2015|-0.5|9.9|2.6|6|35.0|11:17|4.4|99.0|8.0|5|38|1023.4|9.5|84.0|7.0|8|17|1019.2|7
115|MAL|24-08-2015|8.5|14.5|0.0|10|44.0|16:14|10.6|70.0|6.0|11|5|1023.7|13.5|69.0|5.57425742574|9|15|1020.9|8
176|MAL|24-10-2015|9.2|19.5|0.0|8|28.0|13:04|14.3|70.0|6.0|0|40|1023.0|18.1|60.0|5.57425742574|12|13|1020.2|10
97|QUN|06-08-2015|10.5|23.0|0.0|12|37.0|22:20|14.0|42.0|6.0|9|8|1020.1|21.7|28.0|5.57425742574|5|11.0|1015.7|8
202|QUN|19-11-2015|20.2|29.6|0.0|1|30.0|9:29|27.1|53.0|6.0|1|6|1018.5|27.5|54.0|5.57425742574|2|19.0|1015.3|11
47|MAL|17-06-2015|11.7|13.8|0.0|10|30.0|18:22|12.7|91.0|6.0|9|23|1013.6|13.4|88.0|5.57425742574|12|7|1012.5|6
183|QUN|31-10-2015|20.0|28.8|0.8|0|39.0|13:57|27.0|55.0|6.0|1|10|1021.3|25.4|62.0|5.57425742574|1|28.0|1018.3|10
164|QUN|12-10-2015|17.8|29.1|0.0|4|31.0|14:12|26.3|52.0|6.0|2|6|1023.8|25.7|50.0|5.57425742574|5|19.0|1019.1|10
195|QUN|12-11-2015|19.5|30.7|0.0|0|35.0|20:21|27.4|58.0|6.0|3|9|1019.0|28.0|61.0|5.57425742574|2|20.0|1015.6|11
47|CAN|17-06-2015|10.3|12.8|23.0|-1|37.8098693759||11.2|99.0|6.0|13|38|1012.8|12.8|87.0|8.0|8|13|1010.2|6
8|QUN|09-05-2015|15.8|26.9|0.0|12|30.0|5:49|19.3|49.0|6.0|16|38|1018.7|26.1|45.0|5.57425742574|5|9.0|1015.5|5
159|CAN|07-11-2015|9.6|23.2|0.0|7|41.0|12:03|18.8|72.0|1.0|7|20|1012.0|22.3|38.0|5.57425742574|15|20|1011.5|11
144|CAN|23-10-2015|9.8|16.7|0.2|5|28.0|14:20|12.0|66.0|8.0|3|20|1022.2|16.0|55.0|8.0|5|9|1020.8|10
138|QUN|16-09-2015|16.9|28.4|0.0|4|30.0|15:21|22.0|71.0|6.0|8|3|1020.5|25.5|57.0|5.57425742574|5|17.0|1016.3|9
152|CAN|31-10-2015|8.9|22.5|0.0|13|44.0|14:51|17.7|67.0|6.0|6|37|1020.4|21.8|39.0|8.0|4|26|1017.2|10
107|MAL|16-08-2015|4.7|17.0|0.2|3|31.0|20:30|6.8|85.0|6.0|6|4|1027.0|16.0|47.0|5.57425742574|8|13|1021.2|8
147|MAL|25-09-2015|5.8|19.1|0.0|10|37.0|15:52|12.6|67.0|6.0|12|3|1035.2|16.2|65.0|5.57425742574|9|13|1030.9|9
120|QUN|29-08-2015|18.6|27.3|0.0|12|31.0|23:38|22.0|81.0|6.0|3|4|1021.6|24.3|66.0|5.57425742574|5|17.0|1017.5|8
162|MAL|10-10-2015|17.5|29.2|0.0|3|41.0|19:42|22.2|47.0|6.0|6|39|1025.1|27.7|35.0|5.57425742574|4|15|1022.4|10
136|CAN|15-10-2015|7.7|28.5|0.0|3|50.0|12:10|15.7|84.0|6.0|0|40|1025.8|27.2|42.0|5.57425742574|8|26|1021.3|10
81|CAN|21-07-2015|-4.5|14.1|0.0|7|35.0|12:31|1.4|98.0|6.0|0|40|1033.5|13.6|50.0|5.57425742574|7|22|1029.5|7
175|CAN|23-11-2015|8.0|26.1|0.0|13|48.0|11:43|17.4|59.0|6.0|7|37|1012.6|25.4|28.0|5.57425742574|8|26|1010.3|11
72|QUN|12-07-2015|14.7|21.5|6.6|11|30.0|9:15|16.5|78.0|6.0|13|7|1017.3|20.9|32.0|5.57425742574|16|11.0|1013.4|7
130|MAL|08-09-2015|8.8|12.8|2.0|11|31.0|14:59|10.5|77.0|6.0|12|5|1020.6|11.9|60.0|5.57425742574|12|19|1021.4|9
21|CAN|22-05-2015|7.1|14.5|0.6|8|57.0|9:17|9.8|71.0|3.0|9|36|1023.4|13.1|50.0|6.0|9|26|1024.8|5
187|MAL|04-11-2015|10.9|27.2|0.0|10|31.0|14:55|16.2|79.0|6.0|1|0|1015.4|27.0|48.0|5.57425742574|10|17|1010.2|11
97|MAL|06-08-2015|7.1|12.8|1.6|11|26.0|13:00|9.1|95.0|6.0|16|3|1019.3|11.9|85.0|5.57425742574|13|4|1020.4|8
179|QUN|27-10-2015|21.1|30.6|1.08395415473|5|37.0|15:03|27.1|61.0|6.0|5|6|1020.4|27.7|61.0|5.57425742574|5|19.0|1015.9|10
125|MAL|03-09-2015|10.6|14.0|4.4|11|43.0|14:36|13.2|84.0|6.0|13|5|1012.8|12.9|78.0|5.57425742574|12|24|1017.2|9
162|CAN|10-11-2015|9.7|30.7|0.0|8|41.0|14:53|19.9|60.0|6.0|15|37|1015.9|27.2|40.0|2.0|12|26|1012.8|11
84|CAN|24-07-2015|0.5|11.6|2.2|7|50.0|22:58|4.4|99.0|8.0|9|37|1020.8|10.0|95.0|8.0|8|17|1015.8|7
190|CAN|08-12-2015|16.8|28.2|0.0|6|70.0|11:58|20.7|62.0|8.0|5|1|1016.2|22.9|56.0|8.0|15|15|1015.0|12
218|QUN|05-12-2015|19.4|32.5|0.2|0|54.0|17:35|27.4|45.0|6.0|3|9|1018.0|29.6|53.0|5.57425742574|2|30.0|1014.0|12
55|MAL|25-06-2015|9.6|14.0|0.0|13|28.0|10:35|10.5|81.0|6.0|14|39|1028.2|13.6|70.0|5.57425742574|13|6|1028.4|6
180|QUN|28-10-2015|22.0|30.8|0.0|4|31.0|13:25|28.6|56.0|6.0|5|7|1020.4|27.3|59.0|5.57425742574|5|20.0|1017.1|10
19|MAL|20-05-2015|13.6|18.1|2.4|3|39.0|0:22|16.1|69.0|6.0|7|20|1010.1|16.9|57.0|5.57425742574|7|17|1011.3|5
172|CAN|20-11-2015|13.1|36.1|0.0|13|72.0|12:09|24.3|50.0|6.0|7|39|1012.6|35.1|15.0|5.57425742574|14|37|1008.1|11
160|CAN|08-11-2015|10.2|20.7|0.6|2|35.0|9:56|15.1|63.0|6.0|10|20|1020.5|20.0|50.0|5.0|1|17|1019.0|11
29|CAN|30-05-2015|-2.0|14.2|0.0|14|39.0|17:30|2.7|98.0|6.0|12|35|1023.3|12.8|51.0|5.57425742574|8|22|1018.1|5
9|CAN|10-05-2015|8.7|14.1|0.0|7|78.0|12:39|10.7|62.0|8.0|8|34|1009.1|10.3|91.0|8.0|8|37|1005.8|5
31|MAL|01-06-2015|5.2|12.2|8.2|11|41.0|14:45|7.2|80.0|6.0|14|18|1023.5|10.0|65.0|5.57425742574|13|13|1024.6|6
69|CAN|09-07-2015|-1.3|13.8|0.0|3|24.0|14:28|5.0|87.0|6.0|0|40|1031.0|13.1|46.0|5.57425742574|7|9|1026.7|7
160|QUN|08-10-2015|18.8|28.1|0.0|0|72.0|13:24|24.5|57.0|6.0|3|17|1027.3|25.1|55.0|5.57425742574|1|43.0|1024.5|10
191|QUN|08-11-2015|19.9|31.8|1.8|1|52.0|17:24|26.9|67.0|6.0|15|3|1012.5|24.8|81.0|5.57425742574|4|9.0|1008.8|11
134|QUN|12-09-2015|16.7|26.4|0.0|0|57.0|14:46|22.7|56.0|6.0|10|9|1026.3|22.8|57.0|5.57425742574|1|39.0|1022.2|9
200|MAL|17-11-2015|15.7|33.3|0.0|6|56.0|10:26|23.5|34.0|6.0|4|9|1012.6|31.8|18.0|5.57425742574|15|15|1008.4|11
91|MAL|31-07-2015|4.1|14.0|0.6|3|41.0|22:29|6.5|82.0|6.0|6|5|1021.5|13.3|45.0|5.57425742574|4|20|1016.8|7
233|QUN|20-12-2015|20.8|31.8|0.0|2|44.0|8:57|26.5|62.0|6.0|3|14|1016.7|29.9|51.0|5.57425742574|2|26.0|1014.4|12
34|CAN|04-06-2015|-6.9|11.4|0.0|3|37.0|15:21|-0.6|93.0|6.0|0|40|1022.8|10.2|46.0|5.57425742574|7|26|1018.3|6
122|QUN|31-08-2015|12.9|25.6|0.0|15|39.0|13:54|17.8|44.0|6.0|13|4|1018.5|24.3|25.0|5.57425742574|16|13.0|1013.8|8
30|MAL|31-05-2015|12.3|16.8|0.0|8|41.0|17:58|13.2|67.0|6.0|4|20|1013.7|13.1|70.0|5.57425742574|8|11|1011.0|5
238|MAL|25-12-2015|21.7|34.1|0.0|3|65.0|8:52|25.5|39.0|6.0|4|29|1011.1|32.6|25.0|5.57425742574|7|24|1005.5|12
56|MAL|26-06-2015|10.5|16.9|0.0|3|24.0|13:32|12.0|84.0|6.0|0|40|1033.0|15.9|53.0|5.57425742574|8|9|1030.9|6
26|CAN|27-05-2015|-0.3|16.8|0.0|14|33.0|14:42|6.9|85.0|6.0|3|38|1026.3|15.4|61.0|8.0|15|24|1022.6|5
89|QUN|29-07-2015|13.9|24.1|0.0|2|48.0|11:53|18.2|51.0|6.0|10|10|1029.3|22.0|50.0|5.57425742574|1|26.0|1025.1|7
220|MAL|07-12-2015|18.1|27.3|0.0|15|24.0|13:46|20.3|79.0|6.0|6|38|1015.5|24.7|60.0|5.57425742574|13|9|1013.1|12
88|MAL|28-07-2015|7.9|14.4|0.0|7|24.0|10:44|10.6|78.0|6.0|14|3|1035.2|12.3|73.0|5.57425742574|12|9|1033.4|7
154|MAL|02-10-2015|9.9|28.6|0.0|3|37.0|12:10|16.4|66.0|6.0|6|39|1032.2|27.9|27.0|5.57425742574|7|20|1027.6|10
60|QUN|30-06-2015|15.8|23.8|0.0|9|44.0|10:29|19.6|71.0|6.0|11|11|1025.8|22.0|64.0|5.57425742574|1|28.0|1022.3|6
1|MAL|02-05-2015|11.6|22.2|0.0|3|41.0|11:21|16.8|63.0|6.0|4|20|1018.9|21.8|49.0|5.57425742574|7|20|1014.6|5
238|QUN|25-12-2015|23.0|33.1|0.0|0|35.0|0:06|29.5|55.0|6.0|1|10|1012.0|30.3|51.0|5.57425742574|2|24.0|1009.2|12
141|CAN|20-10-2015|9.4|29.5|0.0|15|52.0|19:07|19.6|65.0|6.0|10|23|1021.6|29.1|34.0|5.0|15|22|1017.1|10
109|MAL|18-08-2015|6.1|11.1|0.6|15|20.0|7:23|7.3|83.0|6.0|12|2|1023.6|10.3|63.0|5.57425742574|9|6|1023.2|8
72|CAN|12-07-2015|3.1|9.2|10.2|14|39.0|17:04|3.6|90.0|8.0|8|24|1005.1|7.2|65.0|5.57425742574|15|24|1002.1|7
149|MAL|27-09-2015|9.8|20.2|0.0|10|20.0|16:52|11.6|97.0|6.0|4|1|1025.7|18.7|43.0|5.57425742574|12|11|1021.8|9
147|QUN|25-09-2015|15.6|26.8|0.0|1|35.0|15:12|22.2|43.0|6.0|3|8|1021.9|24.1|37.0|5.57425742574|2|20.0|1017.2|9
210|MAL|27-11-2015|9.0|18.2|0.4|15|33.0|9:31|13.7|53.0|6.0|14|6|1017.2|17.8|45.0|5.57425742574|16|11|1017.2|11
167|MAL|15-10-2015|14.4|34.0|0.0|3|54.0|11:08|22.7|48.0|6.0|4|24|1017.7|33.0|16.0|5.57425742574|7|22|1014.1|10
143|MAL|21-09-2015|14.0|18.1|0.0|3|52.0|6:01|18.1|57.0|6.0|7|6|1015.6|11.3|92.0|5.57425742574|9|15|1017.9|9
231|MAL|18-12-2015|19.4|35.4|0.0|3|35.0|9:15|31.3|27.0|6.0|4|19|1011.4|26.3|61.0|5.57425742574|13|13|1008.0|12
235|QUN|22-12-2015|22.0|32.7|0.0|0|43.0|18:05|29.5|51.0|6.0|1|9|1016.8|29.9|53.0|5.57425742574|2|26.0|1013.3|12
127|QUN|05-09-2015|15.9|26.5|0.0|1|33.0|14:41|20.8|65.0|6.0|10|6|1021.2|23.8|55.0|5.57425742574|2|22.0|1017.5|9
181|MAL|29-10-2015|13.7|26.1|0.0|10|28.0|17:42|16.8|78.0|6.0|15|37|1022.5|22.5|58.0|5.57425742574|13|11|1020.0|10
114|QUN|23-08-2015|18.8|27.0|8.4|2|28.0|0:25|23.1|87.0|6.0|2|6|1023.1|24.6|68.0|5.57425742574|2|20.0|1020.5|8
137|MAL|15-09-2015|10.8|15.9|15.8|14|37.0|7:28|13.0|74.0|6.0|14|6|1014.0|13.2|77.0|5.57425742574|9|11|1016.1|9
16|CAN|17-05-2015|-3.1|18.4|0.0|2|17.0|21:51|4.3|93.0|6.0|7|38|1037.2|17.7|32.0|5.57425742574|4|6|1032.5|5
32|QUN|02-06-2015|13.1|22.0|0.0|11|41.0|0:47|14.4|53.0|6.0|12|10|1021.9|21.1|34.0|5.57425742574|2|17.0|1018.1|6
226|QUN|13-12-2015|19.8|30.7|6.6|0|59.0|18:24|25.6|68.0|6.0|3|5|1015.1|29.3|53.0|5.57425742574|1|26.0|1012.9|12
194|MAL|11-11-2015|11.5|20.1|2.0|11|20.0|6:48|13.9|74.0|6.0|11|4|1020.6|18.5|63.0|5.57425742574|13|7|1017.9|11
39|CAN|09-06-2015|7.8|15.1|0.0|7|46.0|3:23|11.2|67.0|1.0|8|30|1021.2|12.2|71.0|8.0|8|33|1022.1|6
104|QUN|13-08-2015|14.5|25.8|0.0|11|43.0|9:23|17.6|34.0|6.0|13|7|1020.6|25.2|18.0|5.57425742574|9|7.0|1017.3|8
120|CAN|29-09-2015|2.5|22.1|0.0|7|54.0|12:35|13.8|58.0|6.0|7|38|1019.6|20.3|32.0|1.0|15|30|1016.1|9
143|QUN|21-09-2015|16.1|29.0|0.0|0|48.0|17:22|22.3|55.0|6.0|11|3|1019.0|25.0|54.0|5.57425742574|1|26.0|1015.0|9
79|MAL|19-07-2015|0.6|12.1|0.0|11|19.0|13:33|2.1|89.0|6.0|5|4|1034.4|11.2|57.0|5.57425742574|12|7|1031.7|7
2|CAN|03-05-2015|7.8|23.3|0.0|12|26.0|10:17|15.6|79.0|6.0|10|19|1018.9|20.5|60.0|4.0|10|11|1016.0|5
13|CAN|14-05-2015|-4.7|14.1|0.0|3|28.0|14:43|4.0|81.0|6.0|8|23|1026.3|12.8|54.0|5.57425742574|4|19|1025.7|5
155|MAL|03-10-2015|16.3|31.3|0.0|3|50.0|13:48|22.7|37.0|6.0|4|26|1027.2|31.0|20.0|5.57425742574|7|26|1020.7|10
198|MAL|15-11-2015|13.0|18.5|0.2|11|37.0|15:05|14.6|68.0|6.0|9|4|1021.6|17.9|64.0|5.57425742574|12|17|1019.7|11
107|QUN|16-08-2015|15.1|25.1|0.0|1|37.0|13:56|19.2|63.0|6.0|11|6|1024.3|22.3|48.0|5.57425742574|2|24.0|1020.1|8
112|MAL|21-08-2015|10.9|18.7|0.0|3|56.0|18:10|15.6|47.0|6.0|4|7|1017.8|18.4|39.0|5.57425742574|4|20|1012.9|8
193|CAN|11-12-2015|10.8|27.4|0.0|14|70.0|18:34|23.0|40.0|6.0|15|7|1005.8|26.3|19.0|1.0|15|37|1003.7|12
194|QUN|11-11-2015|20.0|30.3|0.0|0|50.0|15:54|26.8|59.0|6.0|3|10|1016.5|27.3|53.0|5.57425742574|2|26.0|1014.5|11
44|QUN|14-06-2015|17.1|23.7|17.6|2|50.0|12:16|18.1|99.0|6.0|10|8|1022.5|22.3|70.0|5.57425742574|1|26.0|1019.6|6
67|MAL|07-07-2015|7.4|14.2|2.2|3|17.0|0:01|9.5|84.0|6.0|4|3|1022.5|12.0|75.0|5.57425742574|12|11|1022.6|7
118|CAN|27-09-2015|1.4|20.0|0.0|7|31.0|14:26|11.3|63.0|6.0|1|38|1025.5|18.8|43.0|5.57425742574|8|17|1020.2|9
20|MAL|21-05-2015|10.3|13.6|6.2|8|33.0|0:36|11.3|84.0|6.0|13|37|1023.5|12.4|81.0|5.57425742574|12|7|1023.4|5
202|MAL|19-11-2015|15.6|31.5|0.0|11|46.0|15:47|25.0|49.0|6.0|4|6|1011.5|23.1|66.0|5.57425742574|12|11|1012.9|11
195|CAN|13-12-2015|7.3|27.7|0.0|7|37.0|12:12|16.0|62.0|6.0|8|2|1017.4|24.3|23.0|7.0|4|22|1013.5|12
157|CAN|05-11-2015|13.5|22.3|2.2|4|37.0|10:18|14.7|91.0|8.0|5|39|1012.7|22.0|66.0|8.0|5|19|1007.9|11
17|MAL|18-05-2015|7.2|20.4|0.0|3|30.0|12:44|9.9|83.0|6.0|6|39|1030.1|19.7|45.0|5.57425742574|4|17|1024.2|5
227|QUN|14-12-2015|21.0|32.8|0.0|0|43.0|17:38|27.7|57.0|6.0|10|11|1016.2|29.7|54.0|5.57425742574|2|26.0|1013.1|12
85|MAL|25-07-2015|9.4|13.3|0.8|3|54.0|19:44|10.6|62.0|6.0|4|6|1013.7|12.7|58.0|5.57425742574|7|24|1011.8|7
121|CAN|30-09-2015|1.7|21.3|0.0|-1|37.8098693759||13.7|69.0|6.0|13|38|1022.6|20.3|31.0|5.57425742574|7|24|1020.3|9
16|MAL|17-05-2015|7.4|20.5|0.0|6|31.0|10:46|10.9|83.0|6.0|6|18|1034.0|20.4|46.0|5.57425742574|4|9|1031.3|5
10|MAL|11-05-2015|12.4|15.9|2.6|7|43.0|0:49|13.7|77.0|6.0|16|20|1011.4|15.6|58.0|5.57425742574|14|13|1013.0|5
199|CAN|17-12-2015|10.4|30.2|16.0|14|30.0|11:10|17.6|73.0|4.0|9|3|1017.9|27.3|31.0|1.0|15|13|1014.5|12
34|QUN|04-06-2015|15.3|22.8|0.0|0|26.0|13:42|19.8|74.0|6.0|11|4|1021.3|20.3|78.0|5.57425742574|1|13.0|1018.6|6
201|CAN|19-12-2015|15.4|36.3|0.0|7|37.0|15:34|25.6|47.0|6.0|7|2|1015.3|33.3|21.0|5.57425742574|15|17|1011.9|12
119|QUN|28-08-2015|17.8|27.3|0.0|1|30.0|13:46|21.9|82.0|6.0|15|1|1022.0|25.1|61.0|5.57425742574|5|15.0|1017.7|8
9|QUN|10-05-2015|13.8|27.2|0.0|12|30.0|12:01|18.9|51.0|6.0|13|35|1018.6|26.6|23.0|5.57425742574|16|13.0|1014.3|5
131|CAN|10-10-2015|5.9|27.4|8.6|7|30.0|13:45|13.2|82.0|6.0|10|39|1029.9|24.5|45.0|1.0|8|24|1025.8|10
135|QUN|13-09-2015|16.3|27.0|0.0|0|52.0|16:48|22.5|59.0|6.0|10|10|1025.5|23.2|60.0|5.57425742574|1|30.0|1022.1|9
111|MAL|20-08-2015|6.1|17.1|0.0|3|44.0|11:03|11.0|61.0|6.0|4|6|1025.3|16.3|46.0|5.57425742574|4|26|1021.4|8
47|QUN|17-06-2015|18.7|25.7|0.0|6|43.0|11:55|23.1|78.0|6.0|5|6|1016.4|18.3|99.0|5.57425742574|12|7.0|1014.6|6
153|QUN|01-10-2015|17.7|29.1|0.0|1|33.0|13:05|25.1|53.0|6.0|2|3|1026.1|23.9|57.0|5.57425742574|5|17.0|1023.8|10
206|QUN|23-11-2015|22.0|31.1|0.0|4|30.0|13:12|28.7|54.0|6.0|5|6|1015.6|29.0|58.0|5.57425742574|5|15.0|1012.0|11
189|MAL|06-11-2015|16.6|18.7|17.6|11|31.0|21:31|17.0|100.0|6.0|13|3|1008.8|17.2|92.0|5.57425742574|14|9|1010.0|11
197|CAN|15-12-2015|12.4|30.3|0.0|1|37.0|19:08|19.8|34.0|1.0|3|0|1014.9|28.3|19.0|8.0|10|17|1012.9|12
17|CAN|18-05-2015|-2.2|17.9|0.0|13|19.0|13:34|4.8|70.0|6.0|9|39|1033.0|17.7|42.0|5.57425742574|7|9|1027.1|5
169|CAN|17-11-2015|7.0|26.5|0.0|3|44.0|15:34|16.5|67.0|6.0|5|35|1018.8|25.7|33.0|5.0|14|15|1014.6|11
39|MAL|09-06-2015|10.3|13.5|4.0|14|50.0|0:52|10.8|72.0|6.0|14|39|1021.4|12.6|58.0|5.57425742574|13|9|1023.8|6
73|CAN|13-07-2015|3.6|13.6|1.4|13|48.0|11:44|7.8|72.0|7.0|8|21|1004.6|13.0|46.0|5.57425742574|16|26|1006.1|7
34|MAL|04-06-2015|4.4|11.3|0.0|3|56.0|12:30|7.6|74.0|6.0|4|21|1019.5|9.0|79.0|5.57425742574|4|9|1015.8|6
96|MAL|05-08-2015|6.6|10.8|1.0|11|41.0|12:02|9.5|76.0|6.0|15|5|1012.9|9.5|68.0|5.57425742574|12|13|1013.4|8
140|MAL|18-09-2015|10.5|14.7|0.0|11|24.0|15:59|11.8|91.0|6.0|12|3|1029.2|13.4|76.0|5.57425742574|12|13|1027.8|9
123|CAN|02-10-2015|0.9|24.9|0.0|3|30.0|15:05|14.8|70.0|6.0|1|37|1034.4|24.5|29.0|5.57425742574|7|19|1030.7|10
91|QUN|31-07-2015|13.9|25.2|0.0|10|28.0|0:42|20.0|64.0|6.0|10|6|1024.0|23.6|36.0|5.57425742574|5|11.0|1020.5|7
60|MAL|30-06-2015|5.0|14.2|0.0|11|15.0|12:47|7.5|88.0|6.0|2|35|1029.5|13.3|51.0|5.57425742574|16|6|1027.1|6
240|MAL|27-12-2015|11.9|19.4|5.2|8|43.0|0:03|15.0|58.0|6.0|16|39|1022.7|19.0|54.0|5.57425742574|9|17|1023.9|12
22|MAL|23-05-2015|10.4|13.3|0.0|11|22.0|13:38|11.5|66.0|6.0|11|37|1033.4|12.2|67.0|5.57425742574|12|9|1031.7|5
92|QUN|01-08-2015|14.5|25.4|0.0|1|24.0|12:52|17.8|65.0|6.0|9|0|1023.7|23.3|52.0|5.57425742574|5|15.0|1020.8|8
25|CAN|26-05-2015|-4.5|15.2|0.2|14|15.0|12:39|2.9|91.0|6.0|4|37|1031.1|13.0|51.0|5.57425742574|15|11|1026.5|5
146|MAL|24-09-2015|5.1|14.3|0.0|11|31.0|14:27|12.2|67.0|6.0|10|3|1034.7|13.9|70.0|5.57425742574|12|15|1032.2|9
66|QUN|06-07-2015|13.7|24.8|0.0|10|20.0|0:02|18.5|74.0|6.0|10|1|1020.1|23.1|40.0|5.57425742574|2|13.0|1016.5|7
61|CAN|01-07-2015|-4.1|10.0|0.0|3|28.0|18:46|0.0|99.0|8.0|7|37|1028.8|9.6|55.0|5.57425742574|7|17|1024.3|7
168|QUN|16-10-2015|18.4|28.6|0.0|0|46.0|10:45|25.3|59.0|6.0|3|13|1022.7|25.6|55.0|5.57425742574|1|31.0|1019.1|10
99|MAL|08-08-2015|8.8|12.6|0.4|11|13.0|5:06|9.8|96.0|6.0|12|0|1025.9|12.3|71.0|5.57425742574|3|2|1023.4|8
213|CAN|31-12-2015|11.4|34.0|0.0|1|37.0|18:27|21.0|45.0|6.0|14|3|1018.1|31.6|13.0|5.57425742574|6|13|1013.8|12
117|QUN|26-08-2015|18.4|28.2|0.0|4|33.0|14:46|21.2|89.0|6.0|8|4|1022.3|24.6|69.0|5.57425742574|5|17.0|1017.9|8
1|CAN|02-05-2015|7.6|19.4|0.0|0|26.0|10:56|13.8|94.0|8.0|9|18|1024.0|18.6|64.0|8.0|1|11|1019.5|5
81|QUN|21-07-2015|14.5|21.1|1.0|9|44.0|11:51|16.6|84.0|6.0|11|10|1026.7|20.3|66.0|5.57425742574|3|19.0|1024.9|7
123|QUN|01-09-2015|11.9|24.9|0.0|5|30.0|14:24|18.8|37.0|6.0|14|1|1019.6|23.0|40.0|5.57425742574|6|13.0|1014.8|9
156|MAL|04-10-2015|13.9|24.9|0.0|3|22.0|0:10|18.8|62.0|6.0|11|37|1021.9|23.3|42.0|5.57425742574|16|9|1019.9|10
224|QUN|11-12-2015|23.3|33.3|0.0|4|39.0|13:00|29.7|56.0|6.0|3|1|1013.7|31.0|57.0|5.57425742574|5|20.0|1008.9|12
11|MAL|12-05-2015|12.8|17.4|0.0|7|44.0|12:21|13.2|72.0|6.0|14|20|1011.7|13.1|57.0|5.57425742574|16|19|1011.5|5
45|QUN|15-06-2015|17.7|25.0|0.2|2|44.0|9:16|21.3|79.0|6.0|10|10|1021.7|23.9|67.0|5.57425742574|2|13.0|1019.7|6
83|CAN|23-07-2015|4.3|10.8|6.6|12|13.0|13:02|7.4|99.0|7.0|0|40|1028.0|9.6|96.0|8.0|7|9|1025.1|7
170|CAN|18-11-2015|9.6|30.0|0.0|14|54.0|13:46|22.2|38.0|6.0|7|27|1014.5|29.1|22.0|5.57425742574|15|37|1012.0|11
157|QUN|05-10-2015|17.4|29.4|0.0|1|28.0|14:44|24.8|59.0|6.0|3|6|1026.5|25.5|57.0|5.57425742574|2|19.0|1023.2|10
27|CAN|28-05-2015|0.1|14.8|0.0|6|44.0|22:20|7.1|99.0|8.0|5|37|1024.8|14.2|74.0|8.0|7|13|1021.1|5
156|QUN|04-10-2015|17.4|27.6|0.0|0|46.0|17:34|23.6|58.0|6.0|3|12|1028.2|24.7|54.0|5.57425742574|1|26.0|1024.1|10
76|MAL|16-07-2015|6.6|12.3|0.2|9|30.0|11:01|10.5|70.0|6.0|11|5|1024.6|10.8|73.0|5.57425742574|12|15|1022.4|7
173|MAL|21-10-2015|17.6|18.3|2.4|11|39.0|16:36|18.2|76.0|6.0|13|38|1012.4|15.7|87.0|5.57425742574|12|15|1014.5|10
118|QUN|27-08-2015|18.5|27.1|0.0|5|31.0|16:28|22.9|77.0|6.0|5|4|1022.3|24.9|60.0|5.57425742574|5|19.0|1018.7|8
166|CAN|14-11-2015|11.6|15.3|8.8|-1|37.8098693759||12.4|86.0|8.0|9|39|1014.7|14.3|80.0|7.0|3|13|1013.7|11
232|MAL|19-12-2015|19.2|41.2|0.0|3|54.0|16:21|32.7|28.0|6.0|6|19|1007.4|40.2|15.0|5.57425742574|7|20|1002.9|12
211|CAN|29-12-2015|9.2|30.2|0.0|1|37.0|17:16|16.2|57.0|6.0|3|5|1022.0|27.0|16.0|5.57425742574|14|15|1017.7|12
120|MAL|29-08-2015|6.3|11.7|1.8|11|43.0|14:07|8.5|69.0|6.0|14|4|1027.3|10.9|82.0|5.57425742574|13|11|1025.1|8
68|MAL|08-07-2015|4.9|14.8|0.2|7|31.0|13:47|6.5|92.0|6.0|6|4|1027.4|14.0|55.0|5.57425742574|4|13|1025.7|7
90|CAN|30-07-2015|-2.5|12.3|0.0|6|48.0|13:02|8.0|72.0|6.0|8|26|1026.2|9.9|59.0|5.57425742574|8|30|1021.7|7
161|CAN|09-11-2015|9.7|27.8|0.0|13|24.0|14:28|13.5|81.0|8.0|16|37|1021.3|26.7|30.0|5.57425742574|16|9|1015.3|11
236|QUN|23-12-2015|21.8|32.8|0.0|1|33.0|14:50|28.5|55.0|6.0|1|9|1013.9|30.1|50.0|5.57425742574|2|20.0|1009.9|12
6|QUN|07-05-2015|18.2|28.1|0.0|11|37.0|8:50|19.9|44.0|6.0|12|21|1017.3|27.0|27.0|5.57425742574|16|11.0|1013.9|5
163|QUN|11-10-2015|17.6|28.7|0.2|0|41.0|9:55|22.8|50.0|6.0|1|13|1025.1|25.3|42.0|5.57425742574|1|24.0|1021.7|10
233|MAL|20-12-2015|25.9|37.8|0.0|8|54.0|13:44|34.0|21.0|6.0|4|28|1000.8|22.4|74.0|5.57425742574|9|22|1004.7|12
31|CAN|01-06-2015|1.4|10.8|1.2|7|44.0|0:08|4.9|66.0|6.0|11|20|1018.5|9.6|30.0|8.0|13|24|1019.3|6
109|CAN|18-09-2015|3.5|16.8|0.0|2|31.0|15:31|11.0|59.0|4.0|10|21|1027.8|14.8|47.0|5.0|10|17|1025.9|9
78|MAL|18-07-2015|6.1|11.5|0.4|11|26.0|2:50|7.7|81.0|6.0|9|2|1030.8|10.3|56.0|5.57425742574|12|13|1030.8|7
32|CAN|02-06-2015|-7.0|11.7|0.0|10|35.0|11:32|0.7|82.0|6.0|5|35|1026.2|11.1|44.0|5.57425742574|14|13|1023.8|6
20|CAN|21-05-2015|1.0|16.1|0.0|14|20.0|14:57|7.2|98.0|8.0|0|40|1021.0|15.2|50.0|8.0|15|9|1018.9|5
170|QUN|18-10-2015|19.1|29.0|0.0|0|61.0|14:35|25.0|49.0|6.0|3|14|1022.8|25.6|55.0|5.57425742574|1|43.0|1019.7|10
182|CAN|30-11-2015|7.9|28.4|0.0|7|48.0|13:21|18.1|63.0|6.0|6|39|1011.4|27.4|23.0|5.57425742574|14|24|1009.1|11
229|QUN|16-12-2015|21.8|32.3|0.0|0|44.0|16:27|28.5|51.0|6.0|3|11|1013.8|29.9|48.0|5.57425742574|2|24.0|1010.5|12
124|CAN|03-10-2015|2.8|26.5|0.0|6|43.0|13:27|15.4|62.0|6.0|4|37|1032.8|26.0|27.0|5.57425742574|8|28|1027.0|10
131|QUN|09-09-2015|16.8|27.9|0.0|11|30.0|9:33|19.9|28.0|6.0|9|5|1022.3|24.1|36.0|5.57425742574|2|20.0|1018.7|9
203|QUN|20-11-2015|20.0|29.2|0.0|1|31.0|13:55|25.9|66.0|6.0|1|8|1018.2|27.3|58.0|5.57425742574|2|19.0|1015.6|11
43|QUN|13-06-2015|17.1|22.6|0.6|2|61.0|12:54|20.6|67.0|6.0|10|13|1023.3|19.1|91.0|5.57425742574|3|30.0|1020.7|6
53|QUN|23-06-2015|15.5|23.7|0.0|2|48.0|11:20|18.0|78.0|6.0|11|9|1025.0|21.8|56.0|5.57425742574|1|28.0|1022.6|6
0|MAL|01-05-2015|7.9|23.1|0.0|4|28.0|13:39|11.8|76.0|6.0|6|39|1028.0|22.7|38.0|5.57425742574|6|15|1023.2|5
68|CAN|08-07-2015|-3.0|12.6|0.0|2|19.0|2:45|3.4|79.0|6.0|3|39|1029.9|12.3|44.0|5.57425742574|8|6|1027.9|7
196|MAL|13-11-2015|13.5|18.2|0.4|8|39.0|12:21|14.0|92.0|6.0|13|3|1017.4|17.6|61.0|5.57425742574|9|19|1017.1|11
133|MAL|11-09-2015|5.1|20.1|0.0|6|54.0|10:51|13.9|64.0|6.0|4|9|1028.7|19.7|44.0|5.57425742574|4|24|1024.9|9
46|MAL|16-06-2015|9.5|16.1|5.0|3|20.0|12:51|11.8|100.0|6.0|0|40|1017.7|15.3|80.0|5.57425742574|8|6|1014.5|6
62|CAN|02-07-2015|-0.8|10.8|0.0|6|48.0|11:53|4.7|85.0|4.0|8|19|1022.0|10.4|44.0|2.0|16|28|1018.9|7
31|QUN|01-06-2015|18.2|25.4|0.2|11|31.0|23:29|19.8|94.0|6.0|16|4|1017.3|23.7|63.0|5.57425742574|11|13.0|1015.0|6
123|MAL|01-09-2015|5.1|16.2|0.0|5|20.0|11:27|8.6|75.0|6.0|6|4|1017.6|14.3|52.0|5.57425742574|12|11|1013.7|9
152|QUN|30-09-2015|17.1|28.1|0.2|4|33.0|14:50|24.3|62.0|6.0|2|6|1023.5|23.4|58.0|5.57425742574|5|17.0|1020.4|9
122|MAL|31-08-2015|8.1|13.0|0.0|8|26.0|13:31|10.1|66.0|6.0|12|2|1021.3|11.4|60.0|5.57425742574|12|11|1019.0|8
84|QUN|24-07-2015|16.8|26.2|0.0|1|26.0|13:36|21.5|79.0|6.0|1|3|1022.1|21.2|82.0|5.57425742574|5|11.0|1018.4|7
44|MAL|14-06-2015|5.8|17.4|0.0|5|15.0|8:54|7.1|88.0|6.0|6|18|1028.3|16.2|68.0|5.57425742574|0|Calm|1025.1|6
160|MAL|08-10-2015|7.6|18.6|0.0|11|28.0|15:09|11.1|71.0|6.0|5|39|1036.5|17.6|56.0|5.57425742574|12|17|1032.0|10
185|MAL|02-11-2015|14.5|16.0|0.0|11|37.0|10:11|15.6|80.0|6.0|14|2|1012.8|15.0|70.0|5.57425742574|12|17|1015.3|11
95|QUN|04-08-2015|14.6|26.4|0.0|12|30.0|7:27|17.5|48.0|6.0|13|6|1019.1|23.9|37.0|5.57425742574|12|7.0|1015.7|8
62|QUN|02-07-2015|13.6|23.7|0.0|12|33.0|4:25|16.1|69.0|6.0|13|3|1022.5|23.0|35.0|5.57425742574|9|9.0|1018.1|7
129|QUN|07-09-2015|16.8|27.4|0.0|4|44.0|18:58|22.1|68.0|6.0|1|3|1022.8|24.7|51.0|5.57425742574|5|13.0|1019.9|9
222|MAL|09-12-2015|15.4|24.6|0.0|10|41.0|16:36|20.3|54.0|6.0|8|18|1014.4|23.3|47.0|5.57425742574|9|17|1013.6|12
126|QUN|04-09-2015|15.6|26.9|0.0|12|33.0|2:51|19.2|38.0|6.0|13|8|1019.5|24.3|39.0|5.57425742574|5|15.0|1015.3|9
142|CAN|21-10-2015|15.0|23.8|2.6|13|41.0|13:30|20.6|70.0|2.0|4|38|1014.6|18.0|78.0|5.0|13|13|1013.7|10
107|CAN|16-09-2015|-1.5|17.5|0.0|6|39.0|15:23|9.9|67.0|6.0|1|35|1018.6|16.5|46.0|5.57425742574|8|26|1015.1|9
176|QUN|24-10-2015|20.0|29.1|4.6|0|46.0|9:09|23.3|82.0|6.0|1|13|1020.3|26.5|63.0|5.57425742574|2|24.0|1017.9|10
185|QUN|02-11-2015|21.6|30.7|0.0|5|31.0|14:16|28.3|54.0|6.0|5|6|1018.4|27.3|58.0|5.57425742574|5|17.0|1015.0|11
72|MAL|12-07-2015|3.4|12.3|1.6|11|37.0|15:50|6.1|87.0|6.0|8|3|1006.6|9.5|100.0|5.57425742574|14|11|1004.2|7
139|MAL|17-09-2015|9.0|14.3|0.4|10|28.0|14:27|11.8|71.0|6.0|16|3|1023.2|13.2|71.0|5.57425742574|12|13|1024.7|9
177|CAN|25-11-2015|5.2|30.3|0.0|7|61.0|15:50|19.5|42.0|6.0|7|39|1012.7|29.1|18.0|5.57425742574|7|28|1006.8|11
64|MAL|04-07-2015|7.3|10.6|0.0|6|26.0|0:40|9.4|58.0|6.0|4|7|1022.6|9.2|79.0|5.57425742574|6|13|1021.6|7
57|QUN|27-06-2015|15.5|23.7|0.0|2|54.0|16:10|20.0|74.0|6.0|10|13|1026.6|22.5|61.0|5.57425742574|3|28.0|1023.8|6
74|MAL|14-07-2015|8.1|9.8|3.8|3|41.0|15:45|8.6|67.0|6.0|8|5|1013.3|8.0|75.0|5.57425742574|4|24|1009.0|7
96|QUN|05-08-2015|10.4|23.1|0.0|11|41.0|9:35|13.5|46.0|6.0|13|8|1019.7|22.0|21.0|5.57425742574|16|11.0|1014.2|8
38|QUN|08-06-2015|16.9|23.8|0.0|2|50.0|11:51|19.9|83.0|6.0|10|11|1024.5|22.9|50.0|5.57425742574|3|30.0|1021.6|6
116|MAL|25-08-2015|9.5|14.3|0.0|9|33.0|10:29|11.2|76.0|6.0|10|7|1026.5|13.6|61.0|5.57425742574|10|17|1025.2|8
157|MAL|05-10-2015|12.7|34.4|0.0|3|43.0|10:44|15.5|80.0|6.0|6|18|1020.8|33.3|17.0|5.57425742574|4|26|1016.2|10
142|QUN|20-09-2015|17.3|27.5|0.0|9|39.0|8:54|22.7|53.0|6.0|11|9|1018.4|23.8|59.0|5.57425742574|1|20.0|1015.1|9
3|CAN|04-05-2015|5.8|21.5|0.0|3|30.0|13:45|9.0|99.0|8.0|0|40|1018.4|21.0|58.0|5.57425742574|7|19|1014.1|5
222|QUN|09-12-2015|23.0|32.7|0.0|1|30.0|0:05|30.1|54.0|6.0|2|7|1019.3|30.6|50.0|5.57425742574|5|17.0|1016.3|12
58|MAL|28-06-2015|9.6|14.5|0.0|5|15.0|0:29|10.9|80.0|6.0|0|40|1034.0|13.8|66.0|5.57425742574|13|6|1032.8|6
82|QUN|22-07-2015|15.5|24.0|1.2|9|39.0|12:15|19.1|77.0|6.0|10|9|1025.7|22.1|70.0|5.57425742574|1|28.0|1022.3|7
40|CAN|10-06-2015|-3.3|14.4|0.0|8|30.0|14:00|6.0|72.0|6.0|10|39|1032.8|12.2|52.0|7.0|2|7|1032.4|6
113|MAL|22-08-2015|11.8|18.8|0.0|3|28.0|0:05|14.3|73.0|6.0|4|5|1015.8|17.0|59.0|5.57425742574|12|7|1014.4|8
26|MAL|27-05-2015|7.9|18.7|0.0|3|39.0|10:30|13.2|67.0|6.0|4|19|1021.0|18.1|57.0|5.57425742574|4|22|1017.6|5
35|QUN|05-06-2015|13.0|26.8|0.0|12|28.0|19:12|16.9|87.0|6.0|16|5|1020.9|25.5|27.0|5.57425742574|16|9.0|1016.6|6
24|CAN|25-05-2015|-2.0|14.6|0.0|-1|37.8098693759||3.3|85.0|6.0|0|40|1033.2|13.5|51.0|5.57425742574|7|2|1029.8|5
198|CAN|16-12-2015|13.1|27.0|0.0|2|48.0|10:44|21.0|62.0|6.0|10|5|1015.5|23.7|34.0|8.0|16|13|1014.1|12
35|MAL|05-06-2015|7.0|15.0|4.2|3|26.0|9:35|9.2|82.0|6.0|6|39|1021.5|13.8|63.0|5.57425742574|8|9|1022.4|6
73|QUN|13-07-2015|9.0|19.8|0.0|11|37.0|9:50|12.5|46.0|6.0|16|5|1020.8|19.0|27.0|5.57425742574|16|13.0|1015.7|7
77|QUN|17-07-2015|8.0|20.1|0.0|12|39.0|9:30|11.1|49.0|6.0|16|5|1021.1|19.9|27.0|5.57425742574|16|11.0|1017.7|7
15|CAN|16-05-2015|0.3|17.2|0.0|11|28.0|11:37|7.9|77.0|6.0|3|19|1037.7|16.7|46.0|5.57425742574|4|11|1034.2|5
203|MAL|20-11-2015|15.4|19.1|0.4|5|35.0|0:53|17.6|76.0|6.0|9|3|1012.8|16.8|84.0|5.57425742574|9|9|1013.5|11
119|MAL|28-08-2015|8.1|13.2|17.4|11|37.0|15:29|9.4|92.0|6.0|16|3|1026.0|11.9|70.0|5.57425742574|12|17|1024.9|8
85|CAN|25-07-2015|4.4|13.4|2.4|7|52.0|9:18|8.0|79.0|1.0|8|28|1018.1|10.7|60.0|2.0|15|24|1017.0|7
18|CAN|19-05-2015|3.8|14.4|0.0|7|41.0|18:15|8.8|99.0|6.0|0|40|1020.9|13.4|89.0|8.0|7|22|1015.0|5
38|MAL|08-06-2015|11.1|18.5|0.0|6|48.0|14:01|12.1|69.0|6.0|4|25|1017.0|18.1|53.0|5.57425742574|7|17|1013.1|6
206|MAL|23-11-2015|13.8|20.7|0.0|8|31.0|14:15|15.4|71.0|6.0|14|3|1017.0|20.2|53.0|5.57425742574|12|13|1015.8|11
102|QUN|11-08-2015|15.3|26.2|0.0|4|30.0|13:21|19.1|84.0|6.0|14|2|1021.2|23.8|59.0|5.57425742574|5|15.0|1017.0|8
200|QUN|17-11-2015|18.8|27.1|1.08395415473|2|54.0|14:14|24.9|71.0|6.0|3|13|1016.0|24.5|65.0|5.57425742574|3|33.0|1014.7|11
94|MAL|03-08-2015|7.3|10.8|6.4|13|52.0|5:58|7.7|76.0|6.0|15|5|1017.4|8.7|59.0|5.57425742574|13|6|1020.6|8
188|CAN|06-12-2015|11.2|32.7|0.0|2|41.0|16:13|22.6|33.0|6.0|12|3|1019.6|32.4|20.0|1.0|15|17|1015.3|12
103|MAL|12-08-2015|9.3|14.8|0.0|3|44.0|3:46|10.6|68.0|6.0|6|4|1003.0|11.8|70.0|5.57425742574|9|11|1005.2|8
33|QUN|03-06-2015|11.5|24.4|0.0|0|28.0|19:05|17.0|52.0|6.0|16|2|1021.1|22.5|52.0|5.57425742574|2|15.0|1018.1|6
19|QUN|20-05-2015|19.0|26.9|0.0|10|22.0|1:07|23.4|78.0|6.0|3|38|1020.0|25.9|67.0|5.57425742574|2|13.0|1017.0|5
63|CAN|03-07-2015|-7.0|10.5|0.0|6|28.0|16:04|0.5|84.0|6.0|0|40|1028.8|9.6|37.0|5.57425742574|8|17|1025.5|7
110|MAL|19-08-2015|5.5|12.7|0.0|11|19.0|12:20|8.1|76.0|6.0|6|5|1027.4|12.2|64.0|5.57425742574|12|7|1024.5|8
77|CAN|17-07-2015|4.2|10.8|0.4|8|54.0|2:47|5.9|58.0|6.0|9|27|1015.8|10.4|44.0|5.57425742574|11|22|1016.8|7
243|QUN|30-12-2015|20.0|31.5|0.0|0|57.0|16:49|26.6|45.0|6.0|10|10|1013.9|28.7|50.0|5.57425742574|1|31.0|1011.5|12
40|MAL|10-06-2015|7.5|13.4|0.0|-1|37.8098693759||9.5|81.0|6.0|13|39|1035.0|12.7|60.0|5.57425742574|12|13|1034.8|6
232|QUN|19-12-2015|20.5|31.3|0.0|1|54.0|14:43|27.4|53.0|6.0|3|10|1015.5|28.5|47.0|5.57425742574|2|35.0|1012.8|12
164|MAL|12-10-2015|11.3|16.1|0.6|8|35.0|13:11|12.3|87.0|6.0|9|18|1018.9|15.1|66.0|5.57425742574|9|15|1019.8|10
117|MAL|26-08-2015|9.2|14.6|0.2|2|19.0|0:09|10.9|71.0|6.0|6|1|1026.1|14.3|59.0|5.57425742574|12|6|1022.9|8
132|MAL|10-09-2015|10.0|15.7|0.0|11|20.0|13:01|11.8|84.0|6.0|13|2|1033.6|15.4|55.0|5.57425742574|9|13|1031.1|9
111|CAN|20-09-2015|3.6|19.6|0.0|3|28.0|14:37|11.8|67.0|6.0|16|38|1024.9|17.8|41.0|1.0|4|13|1020.4|9
208|MAL|25-11-2015|13.5|33.3|0.0|7|65.0|14:19|20.9|36.0|6.0|4|13|1005.5|32.5|17.0|5.57425742574|7|26|996.7|11
213|MAL|30-11-2015|10.0|32.2|0.0|7|83.0|18:16|17.9|58.0|6.0|5|5|1009.2|29.7|26.0|5.57425742574|4|24|1002.9|11
85|QUN|25-07-2015|18.1|26.2|0.0|9|26.0|9:26|19.6|94.0|6.0|10|8|1022.8|22.9|65.0|5.57425742574|5|7.0|1019.8|7
76|CAN|16-07-2015|-0.5|10.8|3.2|8|35.0|13:56|4.9|88.0|1.0|10|18|1018.9|9.4|65.0|8.0|12|24|1015.1|7
49|CAN|19-06-2015|2.2|11.2|5.6|8|37.0|9:48|7.4|70.0|6.0|11|21|1020.6|10.2|57.0|8.0|11|15|1019.7|6
89|MAL|29-07-2015|8.4|14.0|0.0|3|35.0|14:20|9.9|67.0|6.0|4|4|1033.3|12.6|54.0|5.57425742574|4|19|1029.0|7
52|MAL|22-06-2015|3.6|14.1|0.0|3|56.0|12:18|9.8|64.0|6.0|7|22|1025.2|13.0|53.0|5.57425742574|4|30|1021.9|6
87|MAL|27-07-2015|6.2|13.9|0.8|7|31.0|0:53|7.9|74.0|6.0|8|4|1027.9|13.3|55.0|5.57425742574|14|13|1028.1|7
36|CAN|06-06-2015|-3.9|13.9|0.0|7|19.0|13:23|-0.3|99.0|8.0|0|40|1030.7|13.3|56.0|5.57425742574|7|9|1028.6|6
